account_number,address,age,balance,city,email,employer,firstname,gender,lastname,state
1,880 Holmes Lane,32,39225,Brogan,amberduke@pyrami.com,Pyrami,Amber,M,Duke,IL
6,671 Bristol Street,36,5686,Dante,hattiebond@netagy.com,Netagy,Hattie,M,Bond,TN
13,789 Madison Street,28,32838,Nogal,nanettebates@quility.com,Quility,Nanette,F,Bates,VA
18,467 Hutchinson Court,33,4180,Orick,daleadams@boink.com,Boink,Dale,M,Adams,MD
20,282 Kings Place,36,16418,Ribera,elinorratliff@scentric.com,Scentric,Elinor,M,Ratliff,WA
25,171 Putnam Avenue,39,40540,Nicholson,virginiaayala@filodyne.com,Filodyne,Virginia,F,Ayala,PA
32,702 Quentin Street,34,48086,Veguita,dillardmcpherson@quailcom.com,Quailcom,Dillard,F,Mcpherson,IN
37,826 Fillmore Place,39,18612,Tooleville,mcgeemooney@reversus.com,Reversus,Mcgee,M,Mooney,OK
44,502 Baycliff Terrace,37,34487,Yardville,aureliaharding@orbalix.com,Orbalix,Aurelia,M,Harding,DE
49,451 Humboldt Street,23,29104,Sunriver,fultonholt@anocha.com,Anocha,Fulton,F,Holt,RI
51,334 River Street,31,14097,Jacksonburg,burtonmeyers@bezal.com,Bezal,Burton,F,Meyers,MO
56,857 Tabor Court,32,14992,Sunnyside,josienelson@emtrac.com,Emtrac,Josie,M,Nelson,UT
63,510 Sedgwick Street,30,6077,Guilford,hughesowens@valpreal.com,Valpreal,Hughes,F,Owens,KS
68,927 Bay Parkway,25,44214,Shawmut,hallkey@eventex.com,Eventex,Hall,F,Key,CA
70,685 School Lane,33,38172,Chestnut,deidrethompson@netplode.com,Netplode,Deidre,F,Thompson,GA
75,166 Irvington Place,22,40500,Limestone,sandovalkramer@overfork.com,Overfork,Sandoval,F,Kramer,NH
82,195 Bayview Place,39,41412,Summerfield,concettabarnes@fitcore.com,Fitcore,Concetta,F,Barnes,NC
87,446 Halleck Street,22,1133,Coalmont,hewittkidd@isologics.com,Isologics,Hewitt,M,Kidd,ME
94,183 Kathleen Court,30,41060,Cornucopia,brittanycabrera@mixers.com,Mixers,Brittany,F,Cabrera,AZ